text,label
moi j'ai personne à qui m'adresser pour réclamer. le voisin c'est un attardé puant et bruyant dans les administrat…,1
c...est vrai que les anchois sont aller sur la lune et invente de million de technologie !,0
eh les renois faut se réveiller la,0
sjw et féministe twitter un sale combo,0
tu sais aussi pourquoi est au dessus ? parce que si veut demain bah ya plus d'ani...,0
4 réfugiés arabes lardent de coups de couteau une ado allemande enceinte de 5 mois qui cru qu’elle p…,1
dekoi tu parle jte dis ta ps honte de dire half black lieu de half pakpak attardé,0
le « sale juif » mis en avant contrairement aux autres mdr,1
ohhh la violence je meuuurs,0
l'empire mongol,0
et vous vous êtes contres la pma pour tout le monde et contre l’avortement. el…,0
pour ou contre l'avortement ?,0
d'autant plus bizarre que flavius josèphe est resté juif jusqu'au bout des ongles.,0
quand je sors de chez le coiffeur j’suis vraiment le plus beau de tous les rebeus,0
oui je ne comprends pas pourquoi ceux qui veulent accueillir les migrants n'en prennent pas…,0
j'essaie de bien comprendre maintenant je sais que quand dit qu'on est antisioniste il…,0
doudoune et ugg vraiment les renois abusent,0
tu nous ramène une maladie de jérusalem?],1
décidément n'importe quel attardé peut de nos jours détenir la carte professionnelle. revoyez le con…,0
mr simon vous ne pouvez justifier voir atténuer la violence des propos de mr zemmou…,0
je suis végétarien et voici ce que rencontre avec un éleveur mongol m'a fait réaliser sur l'écologie,0
y'a une meuf dans classe elle se pleins du racisme envers les arabes mais taleur elle traiter un asiatique de ching cho,1
dc maintenant dire que  ou le  sont des lobby juif et sioniste sachant qu’il se revendique tel que…,0
ce n’est pas tous les renois qui suivent son raisonnement ne l’insulte pas tu perds des hassanets pour rien,0
les arabes empruntent le zéro aux indiens au ix eme siècle !!!,0
zemmour aphatie radicalité de l'un terrorisme intellectuel de l'autre ... une maladie: les idéologies une vic…,1
qui de deter aller au chinois ds la semaine la j...ai trop envie d...un noich,0
euthanasie avortement peine de mort   la société contre la vie bat son plein et le diable vous embra…,0
c'est tres classique qu'apres une periode gauchiste un redressement s'effectue d'autant plus violent que la period,0
c’est de la violence dont vous êtes le produit?,0
juste un gauchiste toujours à donner des leçons de morale,0
vous comprenez tout de travers. il n'appelle pas les africains à franciser leurs noms…,0
bien des migrants vivaient aussi dans l'illégalité aux États-unis,0
mairie socialope islamo-gauchiste traitre à la france pour résumer,0
le secours catholique ardent promoteur de l'ensauvagement et de l'islamisation de l'europe ! son catholicisme dévo…,1
l'islamisation de la france en pleine expansionle résultat de l'infiltration des musulmans ds ts les strates de la…,0
les rebeus il glo à la fac grâce à la barbe,0
les tutos en français sur youtube c’est insupportable les 3/4 des vidéos c’est des mecs ils te parlent comme si t’étais un attardé,0
dirait un gros daron antillais sur la derniere,0
je ne suis pas un gauchiste comme tu le dis. je ne suis jamais considere de gauche. toi tu es...,0
ce qui tue c'est que meme offset il en marre de cardi b wallah apars sa reuss personne peut la supporte cette grosse mongol,1
ouais mais si les arabes ont perdu la et pas ailleurs c'est aussi parce que nous…,0
? quelle forme de violence ? je pose juste la question de savoir ce q…,0
je déteste alain soral. c’est un raciste antisémite complotiste manipulateur,0
si vous voulez mon avis le patient mike doit canaliser tout son amour sous forme de violence...,0
bouahahhaa il se branle sur les cosplay de sneaky cet attardé,0
sociale. piratage informatique. vandalisme auto,0
mdrr fallou mongol un vrai saï saï regardez le deal qu’il pose à l’animatrice...,1
qué mongol ce germain il court jusqu’au champs Élysée au lieu de rester placé devant les cages,0
vive les rebeus,0
pensez-vous que les rebeus et renois s’aiment réellement ?,0
2/2 de predateurs mangent aussi par gout renseigne toi le chat est l...exemple par...,0
grèce: les transferts de réfugiés et migrants vers le continent s’accélèrent,0
40 années de laxisme gauchiste !!!!,1
la logique d'un gauchiste,0
les sunnites autorisent meurtrespédophiliepolygamie violence contre les femmes etc.tous les pays…,1
normalement en afrique nos dirigent doivent utiliser 50% de dictature et 50% de démocratie,0
la vraie question est: la france veut-elle encore un peu plus de violence !?,0
ils sont aussi complotiste anti-vaccin ?,0
des fils de putes autant que quand aime pas les noirs ou les arabes,1
tu plus fait pour la communauté musulmane rohyngia que tous les dirigeants arabes réunis…,0
paris: un centre d'hébergements pour réfugiés ouvre dans le 16e  via …,0
des noirs au milieu des rebeus pour la technique c’est mon lyon ça,1
de châtelet à gare du nord tu croise que des renois/ tysmés en survêt + teinture blonde flm,0
j’aimerais bien savoir pourquoi « l’islamogauchiste » est votre ennemi principal et…,0
regarder ces attardé ptn est pas dans la merde pour 2019...,0
kevin il se bat avec tous les rebeus avec une moustache pr mieux froisser berka,1
tu prefere la violence libre à toi. nous préfère qu il fin…,0
des  clandestins armés s'affrontent devant la fac d'éco-gestion à . les expulser est une urgence…,0
comme vous n'êtes pas juif vous êtes con et sale.,1
Être de gauche voir gauchiste n'est pas un crime non plus.,0
liverpool l’islam le psg le terrorisme fuck nasser,1
(charente libre): l' adopte une loi pour expulser plus vite les migrants : le conseil des ministres italie…,0
peut-on imposer son (4x4 qui pue | caractère pourri | imbécilité | violence | chat | incontinence | a…,0
pq j’vois au states les renois il saute à l’eau avec des chaussettes et tout mdrr,0
mon dieu ! ca doit etre formidable d'avoir un cerveau de gauchistes.....,0
l'endoctrinement gauchiste fonctionne plein pot sur des cliches leur pille leurs richesses le...,0
tout les jours negro c'est fridayyyyyyyy,0
grèce: les transferts de réfugiés et migrants vers le continent s’accélèrent,1
l'islam interdit le terrorisme de la manière la plus claire :,0
grosso modo les ouïghours sont un peuple turc (ou turco-mongol) et musulman. bien s…,0
quand fait du choc des civilisations la base de la lutte contre le terrorisme revigore l'at…,0
un témoin de l'empreinte des presque trois cents ans d'existence cumulées de l'empire mongol et de la horde d'or.,0
ps mais el acquiaissais tout ce qu'el disait el disait à la russe laisser tomber faut ps par…,0
en écoutant cette chanson en entier se rend compte des influences arabes grâce aux sonorités utilisées en fond.…,0
l’islam valide le terrorisme et ne s’y oppose pas ce que fait daesh n’est absolument pas e…,1
je vois donc être contre l'avortement c'est être contre la liberté de la femme ? cela n'a aucun rapport…,0
tous ces gens qui refusent de céder au terrorisme intellectuel ça doit en effrayer plus d'un.,0
les renois et leurs flow c'est tellement une douceur pour les yeux :)),0
macron annonce la création d'un musée-mémorial pour les victimes du terrorisme  via…,0
êtes vous pour ou contre l’avortement ?,0
les rothschild sont dans la grande finance et rothschild = juif dans l’inconscient collecti…,0
zohra madame est une islamo gauchiste ils ne rigolent que des blancs asservis et des dhimmis,0
l'ua ne sert à rien elle est financé par l'occident qui lui dicte sa conduite la crise des migrants l'ua…,0
si tu considère que c'est la nature je pense que tu es contre l'avortement bien entendu ?,0
tu sauras que ca s'appelle la chaine alimentaire apprend ca l'ecole,0
comme d'habitude !! pauvre petit bonhomme !!! il n'y pas d'élections en afrique ?? vous se…,0
plein d'animaux seront en voie d...extinction donc dit merci qui merci mussoli et aux fermier,0
quand des experts arabes éclairent l'islam du xxème siècle &gt; dirigé par  + épuration la mecque nou…,0
lis surtout les papiers signés par   et philippe leclercq. ne t'attarde p…,0
ben exactement,0
et que dis-tu de : qualifier de violence les dégradations ou les sabotage…,0
feuilleton bêtisier (3)cohn bendit parlant de jlm un complotiste anti macronien normal vu sa formation trotzkiste…,1
un lion ne mange pas que de la viande meme si c...est l...essentiel pour lui. donc cal...,0
ptdrr qu'est ce qui raconte cet attarde encore ? il parle de mon quartier comme si c'etait l'anarchie j'pleure,0
brefffffffffff je m’attarde plus psq vous aller rester sur votre point de vue et moi sur le mien donc au revoir,1
ouaip c'est dur comprendre dans le 16eme paris intramuros quand les seuls vac...,0
je peux pas m'empecher de penser que c'est la meme mecanique qu'avec le faux compte gauchiste et provocateur,0
comment sortir du débat des « pour ou contre » l’avortement pour entrer dans un dialogue d’écoute d’amour et de co…,0
et ds les campagnes ..ou macron met 72 migrants dans un village de 400 personnes...et ou vont aller l…,1
c’est qui ozil — un mongol qui m’invente une vie,0
oh mon dieu non pas le bloquage supreme,0
pourquoi contre les autistes? je trouve ça débile d'en faire une sorte de chose obligatoire mais…,0
migraction 59 en faveur des migrants de calais  via,1
cet attardé mental il même pas un diplôme. donnez son emploi à un chômeur.,1
donc qd traite quelqu'1 de sale arabe c pas normal mais qud un arabe traite qlq 1 de sale blanc c'est normal ?!,0
vs vs rendez compt que la jrisk de sauter pcq jecrii com une mongol jui deg :((,0
découvrez solidarité des femmes burundaises au . l'association se bat contre les  de…,0
ce sont des migrants finlandais aveugle !,1
du coup pour l’attarde c’est celui qui émet un jugement ou celui qui juge sans avoir vu,0
nagui pro charia qui peut pas s'empecher de placer sa touche d'islamo gauchiste pro migrants zappe direct cette em,0
wallah frere y’a des renois ici si ils disent pas du mal des arabes ils dorment archi mal (hamdoulla…,1
nous les noirs les rebeus veut tous les éradiq…,1
pour moi l'insignifiance ne mérite pas qu'on s'y attarde!!,0
ce sont plutot les collabos gauchiste qui avaient tourne les yeux de leurs pauvres congeneres causes d'eux des mi,1
les waves des renois phobie ça m’angoisse,1
« moi je suis un africain je vais te pliÉ »,0
À genève hein.. tu crois qu’on est aussi debile que toi ici pauvre attardé que t’es. va falloir aller ramasser la s…,1
c'est qui cet attardé,1
par contre c'est ca j'aime pas ils l'envoie en inde se faire avorter mais frère avortement ausis c'est haram ta peu…,0
oh je sens autant démunie que toi. colères cris violence refus de grandir (sur tellement de poin…,0
une insulte appelle cela une insulte. dans sale blanc sale arabe sale noir…,0
mon objectif c de mettre les rebeus à la mode au japon. et je réussi plutôt bien lol,0
quand en plus la violence sociale (perte…,0
ecoute moi j'ai obtenu le titre très prisé de bobo islamo gauchiste donc bon,0
j'suis pas un gauchiste mais la il 100% raison. c'est inadmissible  les poissons ont besoin de plus,0
il des espece qui ce retrouve pas dans la nature et sans...,0
si la tuerie  et  de  frappe aujourd'hui les  n'oublions pas que cette idéol…,1
y’a pas plus détestée que vs dans le mondel islam la religion du terroris…,0
les renois qui font les gars de la cité et qui courent comme mbappé dés que un chien vous connait,1
faut arreter mlp c'est qu'une gauchiste !,0
la violence ne peut pas être la norme. la force nécessaire l'est quand les interventions la requièr…,0
france :jeudi prochain à la librairie résistances : « les naufragés. l’odyssée des migrants africains etienne du…,0
bref il est jamais trop tard pour tomber amoureux de moi à ce stade j’accepte tout le monde mais surtout les renois…,0
la vraie histoire de l'invasion-islamisation des berbères par les arabes ? faut pas rêver...,0
le bobo citadin pleure parce qu'1 vache va finir en steak dans nos assiettesil s...,0
tu te rends compte? des soldats en couche qui giflent tous les pays arabes voisins. respect !,1
plus les enfants réfugiés sont diplômés plus ils développent :,0
elle fait le point.nregarde ou elle en estns'attarde sur les virgulesnouvre des parenthesesnle trema de naeve se ch,0
quand voit le carnage de maduro le gauchiste prefere de melenchon ude4c,1
je suis une gauchiste libertaire et catholique pas tres orthodoxe,1
un peu trop de violence à mon goût,0
mdr sa ces les excuses prend le train et viens j’ai le temps m’attarde avec un minus de 16…,0
c'est dans une vidéo apparemment c'est plus pour dire qu'il est spontané mais ça se voit que c'est un peu le mongol de la bande,1
la france l’europe une bonne partie du monde arabe et du monde tout court considère le h…,0
j'ai explose de rire c'etait parfait xd,0
[série d'agressions avec violence : des faits de trop mais peu nombreux en corse] ( via…,1
si zemmour disait la vérité  le terrorisme se réclame de l'islam il n'aurait pas pu finir sa phrase. onpc se couc…,0
augmentation des violences proportionnelle à l'arrivée de migrants africains illégaux en france. paris e…,1
femme se fait agresser et insulter de sale arabe. confrontation avec la personne à la gendarmerie. le flic lui d…,0
y’a que sur twitter que les noirs font du bruit par allah dehors jamais vu un noir dire sale arabe ou l’inverse hein,1
l’empire mongol et l’ordre des assassins,0
video gaza: voilà ce que les medias appellent manifestations. et d'après vous pourquoi les arabes envoient-ils d…,0
dites-moi pas que ça sort pile-poil maintenant parce qu'il pris position contre l'accueil des migrants en europe?,0
c est le resultat de l ideologie gauchistequi au nom de l'egalite des chances veut g...,0
mbz à la tête des emirats arabes unis des moyens. mubadala son impressionnant fonds souverain et une pléthore…,0
je suis tellement contente que smythe davis ait sortit la mongol dorjsuren alors que là aussi elle est pas aidée pa…,0
non à la dictature de la pensée non au terrorisme intellectuel. oui à la liberté d'expression de conscience et d'opinion.,0
vous allez apprendre faire la difference entre un gauchiste comme lula/melenchon et un f...,0
les renois vous abusez à tomber au milieu de la piste de bowling,1
voici ce que fait macron en ce moment il applique un plan diabolique d’islamisation de la france réveillez vous mer…,1
~ne t'attarde pas sur les dtails au risques de rater ce qui est devant toi~,0
elle permis en effet la reconnaissance du droit à l' le droit à l'…,0
faire un comparatif entre la  des  &amp; l' des  qui sont pour la majorité  es…,1
l'invasion que nous subissons celle des touristes  cet homme est historien gauchiste,0
ceux là méritent même pas qu'on s'attarde dessus ..j'vais pas faire unanimité là dessus…,0
ta reponse est ici =i&gt; écrivaine et blogeuse engagée. dans libérées - le combat féministe se gagne…,0
Ça change quoi les chiffres hein ? trois mille migrants ou trois millions de migran…,0
assia vallah j’ai plus rien à perdre je fait déjà terminer depuis mon tweet sur les rebeus,0
rien à voir avec le terrorisme ou l'islam !! c'est un dingue qui fondu un cable !,0
pas sûr je suis même persuadée que ... c'est la pensée dominante des français hors gauchistes bien sûr c…,0
le parti danois qui veut expulser les “migrants musulmans qui abusent des aides sociales” se développe rapidement,0
/o je sais pas. je comprends pas. j'en ai marre. va encore se reprendre toute cette violence dans la gueule.,0
c'est propre à la gauche ce terrorisme intellectuel l'histoire l'a démontré et le montre encore.,1
oui mais là depuis le matin je ne suis pas attardé après le match,0
de meklat à badroudine : quand les  soutiennent l'antisémitisme islamiste gauchiste et bien-pen…,0
je comprends pourquoi la plupart des gens disaient que j...etais arabe quand je streamais. nce genre d...emissio...,0
j'aime pas les rebeus,0
l'histoire du quebec vaut la peine qu'on s'y attarde. tellement triste qu'on ne l'enseigne presque plus. texte fort interessa,0
peut-être un gauchiste ?,0
qu'il soit déguisé en arabe en noir en juif ou je sais pas quoi j'm'en branle. mais là le déguiseme…,1
ptdr il tout à fait raison mais dans les commentaires grave des meufs qui disent les renois mettez vous aussi…,0
en israël les migrants africains se sentent victimes de « racisme » -,0
quand les clans arabes font la loi en allemagne. tant de laxisme fait vomir. lire.,1
les migrants ne gagnent/reçoivent pas davantage de l'état que les p…,0
fallait pas rêver que quelqu un attarde vendredi... un.petit effort elle sera operat…,0
et le racisme des blancs envers les noirs et arabe tellement été gommé france que même individuellem…,0
le renois trompent beaucoup les blancs trompent mieux. mdr waow keske j'raconte moi,1
cassons la gueule au gauchiste faisons leur comprendre qu'en jouant avec nos vies ils,0
si vous êtes cohérent avec vous même cela signifie que vous êtes contre l'avortement .,0
par contre jparle couramment chinois et jpeux te dire que ching chong ça veut rien dire,0
exactement xd comme tu es un ami précieux je m'attarde beaucoup sur ce genre de détails xd,0
mais ils ont quand même aimé une atmosphère qui garde son identité et la violence du dessin de ryp. :),0
waw jvai te défoncer jiji tu parles comme ça toi qui aime la violence jv te briser grosse pomme de terre va,1
l'argument c'est que les noirs et les arabes se revendiquent comme noir et arabes et le pigeon g…,0
l’antisémitisme de nos jours vient de l’extrême-gauche et de l’islam.,1
surtout les arabes. ils sont parfait pour le sport en plus ce sont des  buveurs de vent avec leurs…,1
pq y'a autant de rebeus qui tiennent avec l'ol ?,0
l'idée qu'il existe 1 lobby juif un classique de l'extrême droite est désormais déclinée sous l'avatar du lobb…,0
le pire (déso pr les potes en prison^^) c'était la press' et la violence policière &gt;après&lt;. Ça d…,0
plus de terrasse plus de lumière...réfugiés dans le caveau dans un état de désarroi certain nous gardons malgré t…,0
c'est du jargon gauchiste tellement galvaude que s'en est devenu un running gag.,0
etes-vous d’accord avec bernard kouchner qui dit que « nous devrions prendre plus de migrants »,0
c’est ouf comment les rebeus de qua…,0
genre jai envoye seance dmuscu sur snap un gar dit ta mere sale arabe avc ton vieux chanteur en parlant de ch…,1
ah ben cest difficile quand connait que les smartphones le beton et les immeubles,0
long comme le regard qui s'attarde sur ton corps,0
la théorie du deep state terme que trump ne renie pas reprend bien des canons de l'antisémitisme c…,0
pareilj’aime pas voir les gens malheureuxmême ceux que je connais pas vraimentje m’attarde toujours u…,0
ah oui et la presse française va continuer d'expliquer qu'un arabe criant allahu akbar en tuant un mécréant n'est…,1
«la montée des populismes s’explique par cette peur des migrants clandestins»,1
dit le gauchiste. quand reçoit des menaces de l extrême gauche et voit les millions de dégâts et les…,0
vous êtes fatiguant donc dit fermer sa bouche grr le blackos en face lui normal porte tee shirt bande de faux dérch,0
question est simple que se passe t'il dans la tête de certains renois je regarde je comprends pas wesh j'exige d…,0
loon-plage : la cycliste inventé son agression par des migrants. elle est simplement tombée de son vélo.,0
l’islamisation de la france est en marche...financée par les caf. c’est probablement la première…,0
non je préfère juste que tu arrêtes d'employer ton vocabulaire de gauchiste (c…,0
c’est juste que d’habitude s’attarde plus sur la couleur de mes fringues,0
aucun rapport sachant que les rebeus sont rois en la matière,0
les rebeus doux et civilisés jvs love,0
ce sont les mêmes qui font la morale contre l'avortement....,1
allemagne : les clans arabes font la loi....,1
je ne suis pas attardé sur ce point. pour résumer coût de la seule partie ferme du projet = 100m€ s…,0
le juif : bonnes fêtes de roch hachana,1
contre l'immigration et l'islamisation de la france la seul parti qui défend la france c'est le rn (et dlf),1
tant de violence ...,0
après que le renois ai eu ce qu’il voulait il l’a raillé dans ça liste,0
dc en fait au ils n'ont tjrs légalisé l'avortement ça reste un sujet tabou. par contre ça fait 4ans qu'on appren…,0
les marocains ils debate avec un mongol qui croit que lportugal c en amérique du nord jsp cmt vs pouvez tenir jlaur…,0
« 3 milliard d'homme sur terre et tu t'attarde sur quelqu'un d'indeci » j’avoue pas mal celle-là..,0
c’est sale arabe tous les mêmes j’ai envie de les gifler,1
mais tout à fait ! tu vois à quel point mon coeur est grand même envers les réfugiés d'une peupla…,0
c'est mieux que je ne m'attarde plus sur certaines personnes en fait,0
les renois ils ont des gènes de titans wsh ils poussent 3 jours ils sont stock,1
y'a aussi plein de pays africains qui ne sont pas en guerre pouvant les accueillir. avant que ce dé…,0
mediapart islamo - gauchiste ? c est le titre la plenel ou j ai mal compris ?,0
bah y'a qu'à quand même de très belles phrases si s'y attarde un peu,0
c'est moi attardé ! je suis tombé !,1
voilà le résultat du rapport sur l'islamisme qui confond islam et terrorisme.,0
nn ctoi qui va menvoyé — bah envoie dm jpeux pas savoir qui c'est mongol,0
gné? agrandir l'interface pour s'adapter à un écran beaucoup plus petit ç…,0
pour gagner du temps notons dès à présent que c'est le lobby juif qui contrôle à la fois :,1
ah oui ? et ca c...est quoi ?,0
mais soma gros mongol cinnamon c’est quoi?,0
la france un pr autiste - ou débile - ou camé. j'arrive plus à savoir.,0
y'a une meuf dans classe elle se pleins du racisme envers les arabes mais taleur elle traiter un asiatique de...,0
toujours tu vas trop loin,0
tant d'imbéciles ne réalisent pas à quel point l'invasion arabo-musulmane de l'europe peut être dangereuse.,1
même en étant gauchiste pro migrants j'aurais baillé en lisant c…,0
cyber-harcèlement: un jeune homme de 25 ans reconnu coupable de viol à distance  via,0
gauche anti religieuse en général ou extreme droite anti islam tout court (pou…,0
t’piétine ta mère pour un « sale noir sale arabe »,1
tous les potes de clara ils m'appellent ton pote chinois mdr c ouf g pas l'impression de tant ressembler un noich q,1
mdr les renois qui disent rien à 69 honte à vous,0
macron et l’islamisation de la france un plan bien ficelé par l’institut montaigne,0
cette œuvre d'un   pour les  - une immense fresque sur la pelouse de la perle du lac à…,0
bah évidemment que y'a des renois parmi les terror…,0
vivement qu’on s’attarde aux pratiquants de water-polo et de twirling bâton. ce sont deux passions bie…,0
elle parlait sa pote et lui dit c'est un renoi.. ah…,0
grèce. À thessalonique les migrants continuent d’arriver !,0
grande-bretagne : la prière musulmane est récitée (en arabe) avant l’ouverture de la session du conseil municipal d…,1
du coup petit tips pour les migrants qui vont se faire se faire expulser bouffer du nutella,0
les rebeus avec des pp messi et death note ça parle de vous les puces,1
tous les potes de clara ils m'appellent ton pote chinois mdr c ouf g pas l'impression de tant ressembler un noich que ca????,0
un mélange flou entre qqun empli d’amour et de violence le paradoxe à son paroxysme l’art pas pour sa beauté mai…,0
personnellement mon regard s'attarde de moins en moins sur ce genre de couverture. je pense que mon…,0
sasuke est bête mais naruto est attardé donc sasuke,1
Être musulman ne veut pas dire favoriser le terrorisme comme etre catho ne ve…,0
de la thune pour les migrants...y de la thune... français d’abord ! pour nos aînés priorité nationale !,0
les bonnes larmes de gauchiste,0
wauquiez est un gauchiste par rapport à nous,0
du coup si les asiat et les rebeu physiquement ne m'attirent pas trop je suis aussi raciste des asiat et des rebeu…,0
je suis origine purement berbèreje retrouve avec un nom et prénom purement arabes! Ça veut tout dire en marre .,0
lignes quotidiennes par akram belkaïd: polémique autour des prénoms arabes rien de nouveau sous le soleil... (iht…,0
ah d'accord je ne m'avais pas attardé sur le compte. je crois que moi simp…,0
joyeux 35ème anniversaire à mon gauchiste préféré ^^!,0
contre l'avortement soutenons le docteur bertrand de rochambeau,0
maniaseries: «4 blocks» explore le monde brutal des clans mafieux arabes berlinois à la……,0
recu donc sacrifie une espece pour ne pas les tuer et les manger . c'est pour c...,0
quand je suis parti 4 mois en afrique cette année je suis rentré et chienne était toute heureuse donc t’en fais pas,0
je conseille à francis vallat que chaque membre de son association accueille chez eux un migrant. on…,0
est 4 se donne rdv à 14h y’en pas un qui est sorti de son lit il est 14h17 les renois,0
comm tardif mais des dimanches qui s'affichent ainsi méritent qu'on s'y attarde. très belle photo !,0
c'est bete de  trop vite des informations provenant de la conosphere islamo-gauchiste.nnc'est revoltant de se rej,0
Ça les attires pas les rebeus,1
où sont les rebeus de lyon,0
alors deja ton ecriture pas francaise comprend rien. ensuite les meufs ca s'epile. e...,0
doit voir le,1
réponse type de gauchiste sur le scandale  : je condamne mais...,1
ton style de gars? — encr ? les renois et métisses,0
ce qui dégoute le+c'est que l'on nous emmerde avec les migrantsles demandeurs de papiers clandestins(qui vivent…,0
seigneur j'apprends qu'une giga pute de mon ancien lycée gueulé contre l'avortement.,1
bah non mais les rebeus aussi ont une grosse bite — bon tg,1
non le torchon national gauchiste marianne fait un article contre mechencon je revealleluia !,1
ce lieu est un symbole de la lutte contre le terrorisme pas contre l'islam qui n'a rien…,0
comme si les  qui viennent de pays profondément homophobes allaient devenir gay friendly un jour !,0
citation du responsable de l'etude que tu n'as sans doute pas lu : c'est vrai qu'...,0
il dit ça en faisant valoir le vocabulaire de la gauche attardé qui nous entoure depuis tant d'années.,0
paris première mise en demeure pour des propos d'Éric zemmour sur les migrants musulmans  via,0
« les petites blanches » ptdr s’ils savaient que dans le lot y’a des giga arabes et renois encore plus fan,0
et je m’attarde sur des petits détails,0
jviens de tomber sur un compte twitter c'est insane putain le mec c'est un attarde avec un balais sur la tete avec,0
quel est le mongol qui fait cela? pas de signature...,1
le terrorisme intellectuel serait ici de dire : « définition décoloniale du racisme est exclus…,0
tu trouves comment physiquement les rebeus ? pas forcément les mecs de tess — craquant de fou,0
merci à vous deux je viens d'apprendre que je suis nationaliste antisémite complotiste…,0
il est contre l’avortement fin qd g parler de certains trucs il m’a dit que d’accord il préférait avorter que un en…,0
le nouvel eldorado des rebeus c plus le trading mtn c'est l'aéroport,1
quel ramassis d’attardé,0
c quoi son style de mec aussi? — elle préfère les renois mais si blond aux yeux bleu oklm faut tu sois drôle auss…,0
délit de solidarité pour cédric herrou dans son combat pour l'accueil et la protection des migrants africains dan…,0
d'accord le gauchiste.,0
le rapport avec le terrorisme c'est l'argument de la vision biaisée de l'islam dont tu parles. d'ailleurs…,0
2/2 le deuxieme essage s'attarde sur le fait que la spa accueil aussi des animaux plus atypiques. pas…,0
ferme la gros mongol retourne tweeter de la merde,1
…,0
la bonne pote gauchiste de chirio,0
wa fik ben c'est assez simple pour les abrutis qui l'écoute rap=banlieue=immigrés=arabe/noir=islam=terr…,0
je comprend pas pourquoi vous prenez les gens contre l'avortement pour des attardés à croire c'est un débat simple…,0
lui c le genre de mec qui finit au tribunal pour violence conjugale,0
guenolé le gauchiste osé critiquer une des seules réelles féministes honorable e…,0
ils sous entend que les bobo gauchiste dont il parle sont tous des islamo-gauchiste des gens…,0
il est capable de te lâcher un sale arabe ou un sale nègre sous l'effet de la colère au premier degré... j'ai u…,1
mais cela n'excuse en rien les insultes ou le harcèlement,0
— proverbe africain,0
Ça enlevez ça localisation pour allez voir renois1 et pcq elle ce localise avec renois 2 vu que y’a pas trop de con…,1
exemple tout bete,0
il fait quoi au juste ce gouvernement? pourquoi il s'attarde sur des futilités alors qu'il de…,0
... le terrorisme est un mode opératoire un procédé technique qui ne porte en soi aucune idéologie. mai…,0
pour parler de l'esclavage des arabo-musulman sur les noirs qui toujours exister aucun renois n'en parle hein …,0
c bon tg tu force sale arabe,1
ce qui n'as rien voir avec le fait d'etre en haut de l'echelle alimentaire ou no...,0
meilleur que thiago messi voila c'est terminenc'est un crack le meilleur attarde du siecle c'est bien lui il est,0
Ça sent le gauchiste vexé...fin de la discussion!,0
cette technique est reservée que aux parents rebeus,0
personnellement dans la ville où j’habite j’ai plus de chance de mourir du sel que du terrorisme !…,0
lutter contre les violences faites aux femmes en en facilitant l’essor ...…,0
encore une gauchiste déconnectée ...,0
mon prof utilisé ta photo pour mon cours de violence à l'école ptdr (petite victime),0
faux nul zéro la majorité ne sont pas arabes,0
jsuis mort enft même si ya qlq cas isolés dans leur tete des que croises des rebeus dans la rue tu te fa…,0
les vegans sont-ils contre l'avortement ?,1
tout à fait d'accord pour summoning! comme ca s'attarde sur le côté sombre du seigne…,0
les maghrébines qui sont attirés par les renois elles sont comme les lgbt obligé de le revendiqué.,1
fréquemment des arabes reconaissent que la france est belle et serait mieux sans les français !,1
aujourd’hui pour la première fois dans vie m’a traité de sale arabe dans la rue c’est partie en del,0
quand wauqiuez fait presque passer phillipe pour un gauchiste le droit d'être dépité ?,0
tu es sale comme juif...,1
gare aux propos islamophobes les facho de gauche et de droite. l'islam est une belle religion de paix et de partag…,1
top :  'bienvenue à  où des migrants africains complètement nus agressent sauvagement les français…,1
t’aime pas les meufs renois ? — bah pourquoi je les aimerai pas ?,1
ptddrr aym t'rappel du renois qui voulait nous vendre des faux. il s'appelait martine le batard,0
y’a des renois c’est grave des bounty hein ils vont te sortir des « oui non l’afrique mérite ce qui lui arrive. l…,0
libre le film de  est un hymne à la collaboration avec la colonisation de peuplement africaine et ar…,0
constat simple : l’europe est livrée à l’invasion à l’occupation à l’islamisation au grand remplacement. mot d’o…,0
ensuite j’vais parler de pnl oula alors eux faut pas que jm’attarde trop sur eux pcq y’a beaucoup à dire. encore un…,0
c clair. ils veulent être rebeus ou renois pour réussir à pécho des meufs mais pour le reste ils s…,1
ferme ta geule connasse avec tes chansons rebeus si tu veux vivre comme ça etc rentre chez toi ici est en france,1
nan à mon avis ta pas visité la map et ta pas chassé et tout. tu t'es plutôt attardé sur les missions pri…,0
pourquoi semi ? n...est jamais trop aide parait-il.,0
parle d'un constat. c'est fait . essaie d'analyser…,0
plus il s’attarde sur son doctorat moins il publie plus il se dirige vers les marges du système. mais sa product…,0
je suis pas attardé dans la gare mais dehors ca appelle de partout en effet.,0
lmao yaura moins de rebeus que sur certaines lignes actuelles de la ratp,1
c'est peut-être un attardé mental ce type mais ce qu'il dit c'est à 200% vrai,0
la france est un pays multiculturelle observe la langue française elle intègre des mots arabes utilisés…,0
de  vers leur pays d’origine : merkel satisfaite d‘elle après sa visite à . qu‘on en juge…,0
je viens de découvrir le mode nuit de twitter je suis vraiment une attardé,1
un adepte du lieu commun gauchiste,0
y'a des renois mais pas tout les renois c'est différent pas tous la même mentalité et puis jvois pas il est ou le pb,0
envie de pleurer (vraiment)ntu refait soiree nlove,0
ouais askip tu aurait sorti sale juif selon les dires de zeuby,0
en 2018 il encore des gens qui manifestent contre le droit à l'avortement en suisse (et partout ailleurs d'ail…,0
une renois tu peux pas lui dire tu l'aime bien ou tu la trouve belle psk sinon dans sa tête elle va croire ces bey…,1
je suis végétarienne et n'adhère pas à cette violence fait par le mouvement vegan chacun doit être libre respect svp,0
prcq genre un renoi peut pas aimer les renois et les blanches ??,0
deformation bobo gauchiste... pa...,0
il est raciste mdrrr quel il veut parler des renois et il parle mal des femmes rebeu,1
vient sur votre plateau comme tout gauchiste qui veut imposer son discours. ils font de…,1
ah oui exact j...avais pas compris ton premier tweet,0
je ne suis absolument pas contre l’avortement mais je suis surtout pour les contrace…,0
sous la direction de genghis khan l’immense empire mongol utilisé un système postal avancé à travers l’empire.,0
avec tout ce qui s'est passé trump continue d'alimenter une théorie du complot antisémite... un pays en perdition.…,1
gâteaux rebeus : étape 1,1
rien voir avec l'extreme droitefaut arreter la fumette gauchistetout le mond...,0
vous etes pourtant toujours gauchiste malgre vous me...,0
le négationnisme du racisme anti-blanc de l'islamo-gauchiste  la même argume…,1
c’est juste là tu t’affiche à sucer les rebeus te le dit pas mais moi je te le dis à ta place j’aurais honte — m…,0
omg j'etais pas pret pour celle la,0
marsault quand il va revenir j’attendrais un niveau de violence stratosphérique car ce gars un nive…,0
j’aime trop la couleur que j’ai faite à mes cheveux j’ai l’impression qu’on s’attarde moins sur gueule ça rattrape le coup,0
fort interessant que ce soit gauchiste que de faire payer les pollueurs pour la pollution que leurs industries produisent,0
ces des enfants bordel ta 6 de qi c incroyable comment t’es attardé,0
dégoût dégoût dégoût. mais il faut accueillir les migrants africains alors qu' ils ont des richesses et pourrai…,1
pck il tape tjr des actions de renois griezmann,1
la seule différence que j'ai trouvé entre rich kid et famous dex c'est que famous dex est attardé sinon c'est la même merde,0
et grave que mes potes rebeus et blacks se faisaient régulièrement contrôler jusqu’à leurs…,0
c'est quoi un bobo gauchiste — un mec qui se relaxe devant quotidien qui écoute du « jul » seulement pour se donne…,0
juste avec la bio du mec peut voir que c'est un gauchiste (in)soumis,0
marianne soubret des œillères! rien qu’à nantes 700 migrants évacués et à loger!,0
pour être considéré militant antiracisme il faut faire seulement deux choses :,0
et ça ne dérange personne que l'on parque les migrants comme du bétail ????,0
répondons légitimement à  que l’esclavage commis par les arabes date de 860 pas de 1950 et que tout…,0
pas le temps ! le gouvernement est déjà assez occupé comme ça avec les migrants islamo-africains !,0
mdrr après c’est les renois qui parlent que de sexe,0
l'africanisation et l'islamisation de l'europe c'est l'importation des mœurs qui sont associées. n…,1
invité afrique - algérie: «les migrants sont beaucoup plus vulnérables maintenant» pour leïla berrato,1
tous les jours negro c’est fridayyy,1
. quand 16% de la population est musulmane le processus d' est irréversible un poin…,0
j’vous soutient grv franchement force vous parle des rebeus et arabes mais en soit vous etes les…,0
installé  stp ! je n'le dirai jamais assez. c'est une appli' contre le cyber-harcèlement.,0
les pays arabes n'ont qu'a les accueillir nous n'en veut pas ras le cul,0
ah y'a de tout dans ce monde. il nous faut des cucks ayant des qi 2 chiffres ma...,0
une féministe qui te parle d'irl.,0
oui c’est vrai &lt;3,0
encore les méchants blancs oppresseurs qui n'ont que ce qu'ils méritent. le logiciel gauchiste est resté…,1
y’a pas que les arabes qui ont débattu,0
m'a traitée de sale arabe. de sale blanche aussi.alors je sais pas où e…,0
corrente de mongol,0
quel frère (il écrit mieux rebeu que des rebeus),0
j'aurais dis pareil avc les renois t'aurais rep la meme?,0
déjà les renois c’est sûr ils vont dire jesus christ,0
c'un attardé j'suis mort il est tellement fier,1
added video  playlist   l' opposition ne dispose d'aucun programme et s'attarde sur des faux,0
bah s'ils disent qu'ils ne sont pas français ce sont donc des migrants ? il faut donc les expulser !,1
gros tu vas pas t’y mettre aussi? y’a des renois qui vous demandent de ne pas dire nigga dites pas nigga…,1
oui cela s'appelle la colonisation et l'islamisation d'une nation avec l'aval de nos gouvernements soumis à l'ue.,0
il fait pas attardé lui en ssg,0
je suis gauchiste jusque dans la masturbation,0
: au nom du désir tout puissant des adultes sur les enfants permet cette violence sur leur identité profonde.,0
calais les migrants viols et agresse même les habitants qui leur vienne en aide à cause de ça les habitants quitte calais,0
malheureusement en  un de perdu dix de retrouvés !,1
typique des renois mdrr quand ça perd la battle ça crie au scandale ! bouge de là,0
les renois et les rebeus qui créent la division entre les communautés devrait vous enfermer dans des goulags,1
perso j'accueillerais bien 1 migrant pour chaque nick conrad à expulser.,1
j’ai failli postuler dans un magasin de fringues mais le fait de penser à garde-robe de bobo-gauchiste non-bina…,1
j’suis le renois le plus gentil au monde..,0
ouuuuin bb,0
l’islamisation en marche ! la pauvreté généralisée partout en france.,1
tu le presentes comme une moyenne mais dans un reseau trophique la place peut va...,0
nan mais attends il va pas trouver raciste non plus si campion l'appelle le jaune ou ching chong ou fu man shu,1
donc si les États africains…,0
. va débloquer 80 millions de dollars pour les  et les communautés d’accueil au,0
qu'on mette les chose au clair. non je ne suis pas con attardé débile ou je ne sais quoi. j'ai un niveau de cultu…,0
la lecture de ceci interroge grandement pour elle l’alcool est une des complications de la violence fa…,0
sale payday juif arabophile retourne en cuisine !,1
jte rassure jsuis blanche et aux states jme suis fait victimiser dans l...avion par un...,0
pourquoi des pays très riches comme l'arabie saoudite le qatar les Émirats arabes etc. ne le…,0
il serait:anti islamisme (anti radicalisme terrorisme extrémisme) ou anti i…,0
l'islam n'est pas le terrorisme... je veux dire l'extrémisme et il existe dans toutes l…,0
oui est d’accord c’est les anti qui parle d’argent sale ou plutôt d’…,0
vue comment il parle mal c'est sur,0
algérie: «les migrants sont beaucoup plus vulnérables maintenant» pour leïla berrato -,0
que tu sois pour ou contre l’avortement c’est le droit de chacun mais ne doit pas mêler ses convictions personne…,0
ah bon ? si quelqu'un n'est pas de ton avis c'est un attardé ? ouaouh,0
il encore des gens en 2018 qui lâche des sale arabe de merde dans la rue et qui trouve ça normal. l'ignorance nous tuera tous.,1
enft j’me ss attardé sur aucun son que gangster le reste j’ai écouté une fois,0
avant la prison le point commun entre les terroristes c’est l’islam.,0
je demande aussi,0
c quoi ton type de mec — les rebeus,0
en france demande aux réfugiés de guerreaux exilés du genocide rwandais de « franciser » leurs noms et prénoms…,0
les renois sa mère ils payent jamais les taxis,1
l’extrême droite est au pouvoir(«police coupe semelles enfants migrants ment sur âge pour expulser...»)…,1
nan nan abuse pas non plus je suis algÉrien et giga fier de l’Être. mais j’ai une préférence pour les renois.,0
vos renois d’1m95 110kg qui lâchent des tweets fruités dirait makassy,0
cette vue ou le regard s'attarde et dessine des caresses,0
j’avoue souffre trop nous étudiants renois. force à toi est ensemble !!!,0
l’ua “effarée” par les propos de salvini à propos des migrants africains en europe,0
« nous sommes en france ».... « nous ne sommes pas en afrique » vos propos sont d’un ri…,1
mdrr le mec parle des bites de noirs ça se voit il connaît pas les teubs des rebeus — bon ça est mdrrrr stop,1
déjà d’où tu te permet de venir traiter ? et alors je préfère les renois toi c’est quoi ton soucis ? c’est inter…,0
salut les islamotrump ! demande juste nous les gauchiste que vous gardiez votre foi pour vous....,1
j'ai vu ta vidéo et je te conseille vivement d'installer l'appli'  qui lutte contre le cyber-harcèlement.,0
je crois que le droit c'est ecris noir sur blanc sur les article de lois,0
oui et alors ou est le probleme j'ai cite l'inde pa...,0
hahaha mais en même temps la cisphobie n'existe pas donc il pourra jamais comprendre vraiment ce que ça fait ?,0
oh oui... n'oublie pas que cette population est surreprésentée dans les prisons le terrorisme les agressions…,0
les nouvelles yeezy elle pue sa grand mère c’est pour les renois pour les rebeus gile-fra suceur de bite et qui suivent la mode,1
sachant que 85/90% des musulmans sont sunnites donc ouii il assimile l’islam au terrorisme,0
je suis moi même blanc et toute vie j ai traîné avec des renois même si je…,0
et deux autres choses : aucune interaction avec les féministes alors que c’est la base du mouvement et le…,0
il en va de l’accueil des migrants comme de la cultureles 2 nécessitent…,0
Ça commençait pas trop mal et ça part en couille sur des délires complotiste anti…,0
appeler son enfant mohammed ne l aidera pas intégrer.. c est une forme de terrorisme intellectuel...,1
le tout marchand est donc une derive gauchiste?,0
comme je suis pas à jour sur op je suis pas trop attardé dessus en détail mais ou sinon c'e…,0
du gard # l’avocat de la famille de la victime souligne l’extrême violence de l’agression. nonagénaire fr…,0
l’inclusion de la diversité ne veut pas dire acquiescer à l’obscurantisme. en refusant de dénoncer l’islam politiqu…,0
vos voulez dire que vous soupçonnez  d'apologie du terrorisme islamique? et…,0
il serait peut être temps que je m’y attarde alors,0
bah nn mais des rebeux qu’ont une haine envers les renois yen bcp + que les renois jtrouve,1
comment débattre entre gauchiste sans aucune contradiction,0
si t’es féministe tu défends chacun des droits de la femme même celui de rester à la maison s’occuper des…,0
pour ça heureusement j’ai mon côté italien qui sauve les rebeus entre nous c trop grave,1
pas de sexe pas de violence pas de religion pas de drogue apple va consacrer 1 milliard de dollars dans un rema…,0
la légende des darons renois en boîte est bel et bien vraie,0
je suis un attardé mental je viens de réaliser que la toussaint s'appelait comme ça pcq c'est une célébration de tous les saints,0
c'est bon j'ai serrer les renois comme sa vous m'avez saouler,0
la principale source du terrorisme c’est l’islam. le principal centre de formation c’…,0
jsuis vrmt attardé miam,0
Ça m'emballe pas des masses pas sur que je m'attarde dessus et pourtant je suis un fan de batou,0
j'avais déjà oublié que le gauchiste aime émotionnaliser le débat (triste pas triste bon pas bon),0
quand la steppe est trop grande c'est le vent qui porte les nouvelles  proverbe mongol daté d'avant twitter....,0
ceux qui sont contre l'avortement sont ceux-là mêmes qui sont pour la peine de mort,1
j’capte pas pk s’attarde autant dessus c’est ouf comment c’est vide. remarque valable pour son frère aussi.,0
les quotidiens arabes en arabe soudanais mardi 25 septembre 2018,0
entre les colis pieges fabriques par cesar sayoc l'ultra-droite peut critiquer l'electorat gauchiste democrate ame,0
j...avais grave besoin d...entendre ca merci mec !,0
en inde bouffe pas de viande car ca fait des g...,0
beaucoup de migrants viennent également de pays anglophones et autres. il y’a un déséquilibre entre les…,0
quand j'étais au collège et que j'étais vraiment vraiment mal à cause du harcèlement que je subissais je confia…,0
est-ce qu’une catho intégriste qui milite le dimanche contre le droit à l’avortement peut se dire féministe??,0
et les hommes qui meurent du fait de la violence conjugale? elle en parle ? car sur 5 personnes…,0
un bon écologiste bobo gauchiste. il joue au milliardaire avec l'argent provenant de l'escroquerie de nos impôts.,0
j'ai vu flou,0
wouah il vient de m’arriver un truc de fou là je rentrais chez moi quand devant moi deux renois menacent au tase…,0
si faisait des généralités comme ça sur les renois ça serait appellé de la discrimination et tu le…,0
je te jure genre je dis « bah nan j’aime tout » elle dit « nan je pense c’est les renois je te vois…,0
votre inquiétude est légitime. en 40 ans les politicards ont défiguré notre pays. l'idéologie gauchiste…,0
jamais jsuis pas un gauchiste,0
il serait capable de dire ça à ces pauvres réfugiés je pense oui,0
cette vidéo traumatisante du rituel de coalition mr-nva été censurée de facebook pour « violence extrême » survi…,0
l'italie adopte une loi pour expulser plus rapidement les migrants,0
tellement facile et éculé ce terme de gauchiste asséné dès que…,0
entre vals et moix la france perd..... euh pas grand chose en fait. exile les réfugiés qu'on peut.,1
l'avortement n'est pas forcément traumatisant non la grossesse forcée par contre... encore une fois…,0
selon toi doit laisser les enfants se traiter l'autre de sale arabe ou de sale blanche ? drôle d'éducation,1
va recommencer  la traite arabe s'étale sur une période allant du vii ème siècle jusqu'en 1920. e…,0
le hashtag  sonne enfin le glas de l'ideologie laxiste gauchiste qui predomine depuis des annees au sein de,1
hier je parlais avec un intello-gauchiste qui m'a dit:nnfaut bien reconnaitre qu'une seule religion aujourd'hui p,0
flm des meufs attardé qui ce tartine tt l’es matin,0
lol la bonne vielle tactique gauchiste! répondre par une questi…,0
le sucré salé c’est degueu,0
mais ce que la vie fait le renois 1 ce sépara de ça chérie .. sad history,0
par exemple tu veux aider la cause des rebeus mais tu tacles ton frère rebeu qui un avis différent…,0
meurtre d’une adolescente: «les médias canadiens préfèrent protéger les réfugiés»:  via,0
non non il n'y pas d'islamisation .... c'est un fantasme de l'extrême droite ....,0
mdrr bah non ah je sais pas trop je t'avoue que je m'attarde pas trop sur leur profil haha,0
Évidemment un bon gauchiste ça faydeuxtweets et après ça n’a plus d’arguments sinon il se contredit lui même... …,1
oui je suis maman. et pas de violences chez moi. en aucun cas. la violenc…,0
et bien la clause de conscience des médecins notamment contre l’avortement c’est le droit de veto de louis xvi. i…,0
'ching chong'' ca veut dire bonjour en chinois nan ??,0
À toulouse oui dans la rue le commissariat et plus que d'entendre sale noir ou arabe...,0
gros j'en ai marre que les renois cherche du regard a…,0
d’où sont originaires la plupart des  ? les deux tiers des réfugiés proviennent de cinq pays seulement :…,0
c...est vous qui parlez de vue gauchiste avilissante. pas moi. vous associez cette...,0
je l’écoute ce soir le sien j’me suis attardé sur celui de takeoff et celui de metro en collab avec 21savage et travis scott,0
voilà qui démontre bien l'hypocrisie de la gauche... pas plus haineux et violent qu'un gauchiste extrémiste!,0
machin à lunettes va se faire une fois ramasser par des migrants et il pleurera. fran…,0
et présente ça aux médecins gynécologues qui sont contre l’avortement avec comme slogan « tu veux p…,0
je reste sceptique sur les solutions très tranchées lorsqu’on ne s’attarde pas complèt…,0
vous croyez vraiment ou vous répétez n'importe quoi qui se dit sur le net ? ce site est complotiste antisémite et délirant !,0
franchement j'ai regarder des reportage sur les renois qui vivent en corée ils tiennent pas du tout le même discour…,0
bobo islamo gauchiste féministe à maniere au moins tu l'avoues tu es une bonne pédale bien pensante quoi ^^,0
e r c,0
il faudra un jour s’interroger sur la violence que c’est pour les familles homoparentales de se voir jeter l’intérê…,0
sai ciume mongol,1
ensemble luttons contre les violences dans nos communautés,0
cette image est insoutenable!après cela comment être encore contre les réfugiés et les mesures prendre dans leur…,0
oui j'imagine... courage udc99 nil m'a pas directement envoye la photo j'ai eu cette chance,0
pittsburgh : le poison de l’antisémitisme encore tué (pcf),1
menacé d'expulser les migrants mais cela ne se produit pas! pourquoi? parce qu'il est faible et il ne pe…,0
prise en charge des réfugiés fuyant la guerre.,0
plus de 60 villes ont déjà dit oui pour venir en aide aux réfugiés. et l…,0
contre l’avortement c’est pire que contre la transexualité je trouve,1
la banque mondiale va débloquer 80 millions de dollars pour les réfugiés et les communautés d’accueil au .…,0
il faut refuser d'accueillir l'aquarius qui transporte sûrement de faux migrant…,1
dit l...attarde en question que dieu te pardonne cher ami que dieu te pardonne,0
tripoli violence rises france wants sanctions militias | reuters,0
jc pa jc juste que les anciens que jconnais les rebeux c raciste renois alr que ls anciens renois ils sen foutent,0
quand voit le carnage de maduro le gauchiste prefere de melenchon ude4c,0
c’est comme si tu disais islam =terrorisme,0
ils mangent pas de porc parce que quand il les tuaie...,0
hier j'ai fini la saison 1 de punisher. je crois que je n'ai jamais vu autant de violence dans une série ou un…,0
non ! n'en veut pas de ces migrants économiques ! trop c'est trop . il est plus urgent d'imposer des mesures dr…,0
je te retourne le conseil sur la véracité des infos je ne doute de la violence d'aucu…,0
question: les vegan sont ils contre l'avortement ?,0
tu préfères aller en soirée avec l'autre con de zoonekynd où aller en cours avec l'autre mongol de mahieux? — alex…,0
quand est-ce qu'on met en place des couvre feux de la violence ?,0
: les partisans de l’élargissement de l’  ont dû se résoudre à retirer l’article d’une propos…,0
il est possible de faire des mathématiques avec des chiffres arabes tandis qu'il en est pas autant facile avec les…,0
absolument ! il faut l'arraisonner en mer par la marine nationale arrêter tous les occupants expulser les migrant…,1
mdr cest les renois ça. toute les cérémonie avant le mariage se passe la maison,0
l'europe n'est pas un menu à la carte lance macron aux pays qui refusent d'accueillir des migrants,1
il vient juste de te prouver qu'on est au sommet et t'as confirme gros patapouf,0
si tu considères que sale noire / sale juif ce n’est pas raciste non plus alors je ne peux rien faire pour toi,0
c'est donc ca le secret de la beaute et du bonheur eternel,1
sale arabe arrête d'envahir nos pays violer nos filles et voler notre travaille !,1
nous savons tous que le terrorisme est politique et n rien avoir avec l islam,0
les attaques terroristes racistes antimusulmans; ne sont que rarement qualifiées de terrorisme.,0
alors que vous appréciez de délicieux  des milliers d'enfants et de  souffrent de la  et de…,0
pour ceux qui douteraient du caractère complotiste et de l'antisionisme délirant d'abdelrahim ali voici un thread…,0
nous les noirs les rebeus veut tous les éradiquer…,1
bien des migrants vivaient aussi dans l'illÉgalitÉ aux États-unis 35 % des migrants illégaux interceptés au québ…,0
pour votre information bande de sale putes de  le mot marabout est un mot d'origine arabe et maraboutée est un…,0
dans mon équipe à la fac clrmt 20 rebeus/renois sur 600 c chaud,0
mdrrrr saint denis c’est vraiment l’afrique ko,0
allez nique ta mère sale juif,1
personne ne s'attarde sur le fait qu'elles sont plusieurs avoir des batraciens dans l’œsophage ?,0
euh bah ça pas longtemps que je te connais et hyper sympa/drôle et j’me tape tjrs des barres avec toi et l’autre attardé,0
en tout cas les mariages renois c'est vraiment les meilleurs,0
et... quelques autres clips sur lesquels il faut que je m'attarde un peu plus. x),0
du coup tu es contre l'avortement ? — non je suis pour,0
ce serais bien d'eviter de parler et d'argumenter autour de chose que tu ne maitri...,0
pendant 40 ans ânonné : l’immigration (africaine) une chance pour la france ! les résultats…,1
ilham aliyev reçoit son homologue mongol - photos,1
nous les renois tu nous dis juste un truc qu'il nous plait pas va te raconter toutes l'histoire de la france.,0
ah ? jsp j'ai bloque direct cmb ?,1
comment il place sa phase sur « les renois de stamford bridge » pfiou il prend n’importe qui en leuleu,0
les sud-coréennes ne veulent pas de migrants !  via,1
dialectique gauchiste intéressante.,0
muriel robin se confie sur son combat contre les violences conjugales devenu une évidence après avoir incarné jacq…,0
les arabes presque réussis à vous faire croire que dans le coca il de la cocaine et que israël faisait un complot avec cette boisson,1
le problème des migrants c'est comme un moustique sur un testicule la violence ne sert à rien...,1
- expulsion immédiate des migrants coupables de vol viol v…,0
j'ai mon premier rendez-vous pour les hormones vendredi prochain,0
la chaine alimentaire ne se definitif pas que sur la necessite alimentaire mais au...,0
Ça m’fume les renois quand ils rigolent ils sont obligés de tapé un 200m sprint,0
non psychophobe c'est quand stigmatise les maladies mentales : dire qu'untel est attard…,0
tu dit de la merde putain de gauchiste,0
t’es le passe temps des rebeu sale meuf sait que t’aime les arabes — tjrs l’affût du moindre de mes tweets toi…,0
il est comment lui — plus beau que tout les rebeus,1
menard la gauchiste crache sur le cadavre encore chaud de faurisson.,0
par ailleurs donner des leçons de militantisme lgbti quand est dans un parti complotiste qui fricote avec l'ext…,0
c’est bien une gauchiste,1
est plus grand bien-sûr attardé que je suis à oublié des mots x),0
insupportables les rebeus pr ca,0
t'es un peu un gauchiste mais j'aime bien tes tweets et tes retweets — je ne sais pas quoi répondre,0
puis le film s’appelle « bohemian rhapsody » mais le film s’attarde très peu sur la conception de ce chef d’œuvre musical,0
rennes ....ville gauchiste depuis 1977 sans interruption,0
fais toute tl je suis un vrai gauchiste,0
app de mongol,1
asmar mraconte une histoire mparl comme une attarde e c tro ******,0
quand je vois que la cagnotte pour aider les enfants réfugiés qui dorment deh…,0
meilleure amie sort avec un enfant attarde qui aime la neige...,0
les arabes reprochent mr messiha d'être un peu trop occidental dans son pays o_o si ça c'est pas du…,0
c est pas le meme groupe de supporter c est toi le mongol,0
si des arabes te disent que nous sommes coupables c’est sûrement que nous nous sommes innencents,1
carai matheus eh mongol demais,0
paris : les familles de gendarmes virées d’une caserne pour faire place à 150 familles de migrants !,0
est allé à la boutique nespresso ptdr le mec il demandé si achetait du café pr l’hôtel il vu deux renois…,0
les arabes vont dire c’est l’oeil des gens,1
À relire budget record | Évacuations en raison des pluies | moins de demandes mais plus de réfugiés,0
oui et ne veut pas non plus des migrants islamo-africains !,1
imaginez seulement si ses enfants préfèrent sortir avec des renois reubeu ou asiat,1
le parti de melenchon condamne la visite de 185 patrons francais en isralnla section rennaise du parti islamo-gauchiste l,1
bon apres jsuis content que jai fais ca mtn jle referai plus mais ptdrrrr jsuis quel genre de mongol,0
moi je trouve que yann moix n’a pas dérapé sur la question de la violence policière. biensur que yena et ok faut pa…,0
mais du coup si t'es vegan mais que tu manges des produits non locaux (cafe bananes noix de...,0
confirmation..les migrants s'agglutinent à irun dans des gymnases espagnols en attendant de passer en france par la…,0
trop chou merci,0
…,1
les animaux se tuent entre eux,0
naza mongol te po na banda ko seka seka kk boyer s…,0
allemagne : les clans arabes font la loi. la police avait décidé de ne pas réagir pour éviter de se faire traiter d…,1
c’est un attardé la vérité tu te souviens en 2015 quand se fait sortir contre la juve le nombre d’occa…,1
j'adore voir la eternalfreedom si prompt à défendre les palestiniens avec ses copains rebeus et qui se retrouve bie…,0
j’aurais aimé le voir se fr lyncher pr de vrai les arabes et les noirs ca comptes pr du beurres mais…,1
les ultra-religieux n'ont rien contre le viol! mais contre l'avortement!,1
soutenons les patriotes allemands qui comme nous luttent contre l'islamisation de nos pays et la destruction de not…,1
comme quoi c'est bien un gauchiste de la pire espèce.,1
ce mec est de la origine que toi et ti parle mdrr sale arabe,1
il n'y pas d'islamisation de la france.,1
regarde moi c’est les reubeux d’autres c’est les renois par contre blanc jsp mais ça dépend grave des meufs,0
mdr les rebeus discrets les connais t’inquiètes,1
ah ouin t’es contre l’avortement sais-tu c’est quoi une vasectomie,1
« pour réduire les coûts d'une immigration exagérée pour expulser plus rapidement les délinquants et les faux dema…,1
d'après  la police ferait mieux son travail s'il avait plus d'arabes et noirs parmi les policier…,1
des villes solidaires,0
et ça ce sont les entrées légales. les migrants viennent en plus.,0
les balkaniques font tout par la violence et la sauvagerie. ces peuples n'auront jamais la paix int…,1
est pas obligé d'être d'accord avec tout ce que dit  mais «l'antisémitisme ce n'est pas que de l'hos…,0
putain mais quel mongol,1
c'est totalement le cas deja essaye de prononcer ca la tele et tu verras c'est un peu comme l'expression gauchiste,1
il m'arrive un truc comme ça j'accélère comme un mongol et j'ecrase des gens m'en balek (je pleure race en vrai),0
pourquoi les marocaines et les renois au pays bas elles sont toujours belles? injustice,0
pas de droit à l'avortement en belgique? ils sont par contre en avance sur la fin de vie,0
je sais pas trop si c'est du troll mais j'espère parce que halloween = satan ça fait vraiment attardé religieux,0
oui très bien! mais du coup je ne vois toujours pas la corrélation avec les migrants africains. ^^,0
ah ben si tu les méprise ça se voit sinon tu te battrais pas contre l’avortement.,0
hier j'ai repris les squats d'apres moi comment vous dire que la mes jambes sont en feu je marche comme une mongol,0
look de coctktail en blanco negro,0
lol é de mongol,0
prenez moi pour cque vous voulez mais le délire des meufs rebeus en france c’est vraiment ce qu’il de plus dégo…,1
dakar : des militaires français impliqués dans une rixe,0
non ce message n'a rien de subliminale ..... il est dans la continuité du terrorisme intellectuel il faut le métis…,0
l' opposition ne dispose d'aucun programme et s'attarde sur des faux débats matar ba ministre,0
cousine c’est une blanche et elle sort qu’avec des rebeus/renois + elle change de mecs tous les mois je la compr…,0
plus de 60 villes  ont déjà dit oui pour venir en aide aux réfugiés. et la vôtre ? …,0
loon plage : une femme violemment agréssée par un groupe de migrants,0
les renois déjà je vous aime trop ensuite jsp c’est vraiment au feeling,0
qu'en pensent les obscurantistes pro-agrochimie pro-développement à outrance anti-écolos et autres climato-scepti…,1
le mec il est noir mais il dit quand même blackos allez mdr.,0
par contre les renois ou les métisses avec les taches de rousseurs ça fascine de fou,0
tu ete plus que respectueux les autres beaucoup moins !,0
mdrrrr. t'es trop mignon,0
mais ils ont grv la grisaille les renois laaaa tema matuidi,0
les  traversent la mer et trouvent les aides sociales,0
ptdrr mais vous êtes attardé c’est pas possible autrement hein,0
les  et les gauchiste se défoulent sur  qui ose parler de l'immigration comme un problème..,0
l'attardé de moroni,0
jsuis un sale arabe,0
la préférence islamiste de la gauche est motivée par le clientélisme mais également par l’anticléricalisme.,0
antisémite complotiste et anti-trump… qui est l’auteur de la fusillade qui fait onze morts dan...,0
l'afrique est sous-développé,0
l'islam n'est pas le terrorisme... je veux dire l'extrémisme et il existe dans toutes les re…,0
tout est noir quand mes negro refusent de rentrer dormir,1
s'attarde trop sur le côté médical avec les hôtes,0
dis toi j'essaie de faire un meme de moi même je suis un attardé,1
mouvement végane : mouvement pacifique voir militantiste qui prône un monde où tous les animaux et tous les humain…,0
c'est un acte antisémite mais le mot n'est pas facile à prononcer car l'auteur n'est ni noir ni arab…,1
c'est marrant c'est toujours les ménopausées et les hommes contre l'avortement,0
pour en finir avec la théorie du complot anti-voitures,0
manœuvre gauchiste habituelle :  essaye de détourner l'attention portée sur  en utilisant…,1
quand un renois n'a pas le temps avec les imbécillités...,0
il 15% d’arabes israéliens en israel. ils votent et ont des élus : +10% de…,0
bravo au réalisateur de  qui inclut le   dans le film «    ». une réalité.,0
paris première mise en demeure pour des propos d'eric zemmour sur les migrants musulmans,0
est pour ou contre l’avortement mais,0
les renois c'est un délire comment ils dégagent un bail surtout qd ils mettent des durag jvs love,0
petit moment romantique sur une balançoire au bord de la mer,0
les rebeus que je ne connais ni d’Ève ni d’adam (oui expression de vieille) arrêtez de rajouter sur fb ça n’arr…,1
je la connaissais déjà un peu avant mais je m'y étais pas attardé et la vidéo de lol m'a giga hype,0
pfff c'est dingue le nombre de meuf blanche qui se font fourrer par des renois qui font du foot. vazi c'est quoi vo…,0
pourquoi les gauchistes sont féministe et lgbt ou pro lgbt mais veulent acceuillir et intégrer l'islam dans toutes…,0
bizzarement y’a que des renois qui m’insultent serai ce les plus grosses putes de l’univers? mdr,1
je suis un ignorant gauchiste de base niant la réalité historique,0
ni arabe ni noir ni musulmans ... cela ne peut pas être un acte terroriste mais une fusillade anti…,0
si vous arrivez m'expliquer ce qu'est l'extreme droite sans les lieux communs et la propagande gauchiste ca m...interesse,0
c’est déjà mieux que l’islamisation le grand remplacement est inévitable alors autant fai…,0
ahahah il croit dur comme fer l'avion de ligne qui fait des pirouettes quel giga mongol,1
en même temps ça vient du gars de vegan celui qui tient plusieurs sites et pages antive…,0
rappel: l’année dernièretrump avait suggéré que les juifs pourraient commettre des crimes de haine antisémites e…,1
s'imaginer que l' vient en  n'est qu'un pur fantasme étant donné que 90% des  africains re…,1
le vrai danger de l'islam c'est la gauche je peux te le garantir,0
nouveau virage à gauche du ps revenu dans l'opposition. après le mandat hollande… faire de l'accueil des migrants…,0
il est attardé???,0
vous êtes justement l'esclave d'un terrorisme intellectuel communisme m'attaqué sous l…,0
c’était une sale arabe,0
novembre au hourdel le soleil s’attarde les phoques en profitent nous aussi !,0
l'histoire du quebec vaut la peine qu'on s'y attarde. tellement triste qu'on ne l'enseigne presque plus. texte fort,0
les propos de zemmour sont inadmissibles mais en parle des “sale français” des “je suis plus français que t…,0
l'attardé de medelin qui tue le match,0
t'imagine pas comme tu viens de rendre mon debut de journee plus beau.. merci ^^,0
deux buts c'est bien beau mais quand s'attarde à la façon dont kotkaniemi travaillé hier et au contex…,0
alors naulleau debarque ? finie la posture de gauchiste intraitable ouvert sur la diversite culturelle et incap,0
en corse avec rachid.. ce soir il traité de sale arabe en direct à la télé. ..ahahah. .rachid...,1
s'il fallait décrire ce que armée policière nazi étrangère implanté e centre prisons réfugiés et essaye secret hypn…,1
1 mongol,0
exemple de   : ces sont les amerindiens eux-memes qui tuent les nouveaux-nes en les en,0
en france les coiffeurs rebeus ils passent du rai... ici ils mettent du kaaris en mode le 93 leur manque c'est beau,0
les réfugiés rohingyas prient dans le camp de réfugiés de kutupalong au bangladesh.,0
faut passer outre . c'est pareil pour moi je m'y attarde peu ...,0
libye: plus de 100 morts dans le naufrage de deux bateaux de migrants,0
journaliste extrapole encore «  voit qu’e.macron ne s’attarde pas sûrement de peur de se faire interpeller sur l…,0
islam= paix mtn je vais te refaire un speech car j’en avais déjà fait un: si y’a le *terrorisme* en fr…,0
bordel les attardé en force,1
aubenas (07) : manifestation en soutien aux migrants ce samedi 22 septembre 2018 à partir de 9h sur la place du mar…,0
peut en dire autant pour les renois,0
bonjour je suis un gauchiste bobo et je reveille apre,1
ça change pas que qd mm un mongol,0
pour l'ouverture du port de nice à l'aquarius et aux bateaux portant secours aux réfugiés,0
donc là vient vraiment de sortir dans la rue « t’es raciste sale arabe? » ? grenoble c épatant,1
chez les arabes c meme pas la peine de poser la question,1
cette violence est incroyable là?,0
ah ouais ils font cegrin les renois avec ca ici,0
laisse tomber c’est les tetes c’est des renois qui font n’importe quoi,0
nouveau - berne : 1500 personnes à une marche contre l'avortement -     ...,0
bensebaini quel gros mongol il mérite un beau pied bouche.,1
le gauchiste francais veut resoudre les problemes du monde defaut de resoudre les problemes chez lui ...donneur,0
intelligence d'un ado attardé !!!,0
oui souvenons nous des massacres des camps de réfugiés de sabra et chatila commis par les phal…,0
-  ou la parfaite illustration de ce que dénonce  : l'hystérie la dictature le terror…,1
oui il n ya pas de grd remplacement ni de racisme anti blanc ! c tjr arabe noir jeune en s…,0
putain d'attardé,0
ptdrrrr le sale arabe,0
mec si il gagne pas cobtre liverpool ils st eliminate donc fais pas l’attardé ici,0
attardé du cœur,0
et le président iranien lors de son discours annuel à l’onu va se plaindre du danger du terrorisme au lieu d’êt…,0
dans toutes les larmes s'attarde un espoir .,0
plus bas tu dis que tu ne pourrais pas sortir avec autre qu’une rebeu et la d’un coup les indiennes et les renois ç…,0
encore une attitude de bobo gauchiste ..,1
et aller une putain de laryngite comme aime à tousser comme une grosse debile et plus avoir de voix et être sous antibio,0
excellente démonstration de  mais ce monsieur joffrin vaut-il la peine que l'on s'attarde sur ses torc…,0
accueillir 58 migrants c'est sans fin ça appellera la venue d'autres migrants et vous le savez très…,0
quand demande un gauchiste d'argumenter,0
mur anti-migrants au sahara : l'idée renversante de trump,0
splash sur les identitaires qui pensaient tomber sur un negro stupide vos mères,1
chez bcp trop d'arabes aussi et ils sont tellement occasionnellement ds mes cercles que la questi…,0
des petits gestes tout petits gestes,0
non non disent les pauvres bobos gauchistes déjà soumis à l'islam...,1
Ça l’air sympa de pas être une sale arabe,0
peut-être que ceux qui émettent les oukases non violents sont relativement protégés de la violence. mais il semble…,0
de toutes façons ça ne s'arretera jamais. chacun cherche le meilleur pour lui et il aura toujours des migrants.…,0
putain de filous de renois qui conspirent à se faire insulter sur la place publique,0
merci pour cet échange. vous n'aimez pas les arabes dite le clairement. bonne journée.,0
1 - que des prénoms arabes.,1
t’as vla les potes renois pour un rebeu — mdr ça veut dire quoi ça est tous pareil gros,0
mais les renois américain ils ont autant de liens avec l'afrique que les blancs américains en ont avec l'europe.,0
islamo -gauchiste qui ne peut être élu que lorsque le communautarisme est majoritaire !,1
j'ai un seul regret mais je m'attarde pas dessus. faut avancer,0
le sénateur pillon est contre l’avortement contre le mariage gay contre le divorce et contre les pensions aliment…,1
dieu ne s’attarde jamais à combler un besoin extérieur.,0
marine le pen au pouvoir pour fermer les frontières expulser tous les clandestins les migrants retirer les papiers…,0
un beau musée dans lequel le nom des bourreaux sera caché ! le seul terrorisme que nous connaissons porte un nom : l’islam,1
voilà ce qui arrive quand tu la propagande gauchiste tiermondiste et misérabiliste de ton côté tu…,0
je te parle par rapport à au protestantism tu dit que nous mélangions du polythéism…,0
c'est pas les migrants qui viennent piquer le travail des français c'est les t…,0
le chercheur qui diriger cette etude que tu n'as sans doute pas lu precise bie...,0
il faut croire que ces ong sont soutenues par le gouvernement qui favorise l'immigration massive et l'islamisation du pays,0
je crains que ce soit sa peur d'être étiqueté facho. pourtant il est déjà considér…,0
un jour t’avais dis t’aimes bien les renois sur twitter je m’en rapl très bien et puis même en vrai tu…,0
les rebeus tu baises leurs frangines ils sont déboussolés,1
c'est dingue ce terrorisme intellectuel! vous avez le même prénom certes mais…,0
tu crois vraiment y’a que 2 renois à daesh ? boko haram ?…,0
oui c est vrai... les lyonnais ne sont pas racistes ils aiment bien les arabes regardez...,0
sauf qu'aux heures les plus sombres de notre histoire les juifs ne cachaie...,0
je ne renie pas ce que je suis je mange de tout. je mangerai bien du gauchiste bobo mais j'ai…,1
et la société complète cautionne la violence de l'au…,0
l'homme est faible physiquement par rapport l'elephant mais infiniment plus intelligent.,0
j’avais bien fait de l’unfollow quand je voyais ces tweets bizarres sur les arabes mais à ce moment là…,0
j’aimerais que l’on s’attarde sur ta tête qui est juste sublime,0
est quand même sur l'équivalent les boulangers vous expliquent pourquoi ils sont contre l'avortement…,0
attali qui compare les juifs aux migrants. c'est une légitimisation de la violence contre les anti-immigration.,0
la violence mdrr va falloir que tu censure tes tweets,0
les gens ont grandi s'attarde plus sur ces trivialites de changement d'heure les vrais les purs sont...,0
non ! n'en veut pas de ces migrants économiques ! trop c'est trop . il est plus urgent d…,0
yes je le suis mais j’ai l’impression les noir d’afrique c’est que ceux de l’est ici,0
qu'est-ce qu'il ne faut pas lire franchement,0
d'ailleurs. si tu tiens vraiment la condition de vie des gens et si t'as de la p...,0
déjà islam= paix le terrorisme c les feuge qu’il utilise…,0
que feraient les politologues juifs s'il n'y avait pas eu les nazis?,0
bonjour je suis un gauchiste bobo et je reveille a...,0
la pauvreté n'est le collateral de la violence pas plus que la richesse. il faut chercher ailleurs,0
vs n'comprenez ps si tu n'as ps envie d'en manger tant mieux pr toi ms laisse ls...,0
lui c’est un sale arabe ..,0
ta apporté quoi toi part ta sale geule d’arabe et ta grand mère,1
parler des médecins africains travaillant en france il était juste de signaler que parmi tous…,0
les manifestants d’  et d’  sont le symbole du courage de la résistance et de la résili…,0
j'aime pas la violence,0
il des millions de morts de la famine chaque annee mais tu veux laisser pourri...,0
euh je ne suis vraiment pas attardé sur ‘’ belle fille’’ hein je demande si tu dé…,0
je suis pas assez attardé sur son album j’irai réécouter,0
: [    hossam mdrrr allez viens par ici vendeur de chameau renie nous pas enfin t’es un arabe frero,0
espérons néanmoinsil se ferait violence en prenant son argent qu'il pouvait réclamer par…,0
toujours les mêmes poncifs 1) la non violence est une position moral…,0
suppression partiele de l isf (comme disait sarkozy-fillon un impot gauchiste st...,0
il va emmener quelques migrants avec lui ?,0
j'ai toujours été contre l'avortement c'est une question de conscience pour moi la vie c'est sacré ri…,0
mais encore ? un jour il faudra faire une étude sociologique sur le tropisme gauchiste / socialiste…,0
fort loin d'etre gauchiste je continuerai ne vous en de…,0
en fait quand s'attarde un peu sur les tweets de ce compte...,0
ce n'est qu'au cameroun qu'on laisse les vraies choses et s'attarde sur l'o…,0
merci,0
vous aimer trop courir quand vous rigolez les renois,0
j’en ai prix au bled mais tu peut le trouver au marcher ou bien dans des épiceries arabe/renois,0
c'est bien connu,0
mdrrrr. t'es trop mignon,0
les violenté.e.s aimeraient donc la violence ?,0
c’est jouer acec les mots. l’histoire coloniale française fait de nous des arabes e…,0
surtout les noirs et les arabes au pire ils auront leur entretien mais qd le mec verra leur tête à ce m…,0
je ne comprends pas c'est horrible. un si gentil chien. j'en ai marre de la violence humaine. devrait le tuer le gas.,0
« dénier » à ces migrants « le bénéfice du droit d’asile au motif qu’ils seraient…,0
et les rebeus haineux des renois ça existe que tu le veuilles ou pas. jv pas nier ça pr toi,0
y’a deux renois elle sont venu s’asseoir juste à côté de moi alors que le train est vide wesh c quoi lprobleme,0
tiens encore cette théorie du complot antisémite...,0
les rebeus soins comme nous,0
est au niveau de l...anchois au niveau de la chaine alimentaire. ridiculise toi encore plus,0
wow j'sais pas comment tu fais mais tu fais accelerer mon coeur distance arrete ca mec jme sens toute timide la ;v;,0
etre au sommet de la chaine alimentaire = torturer des animaux pour mon plaisir ?,0
en fait en tant qu'agent de securite la loi nous interdit de palper sur une personne du meme sexe (...,0
commando marine gauchiste c'est triste,0
mdrrrrrr bah ouais m’a dit vous êtes énormément en licence street mais asquip y’a priorité aux rebeu et…,0
une chrétienne ne vaut pas qu’on s’y attarde pour certains...,0
ptdrr ta tous les renois de châtelet ils vont arriver en ball,0
n'oublions pas que beaucoup de juifs se sont réfugiés au maghreb à cette…,0
quel dommage.malgré que  juin 2017 violence conjugales auto déclarés mentionne q…,0
et non il n’y pas plus de crimes commis par des migrants que des français blancs. seulement moins…,0
t'aime bien le gout de la viande un carnivore c'est tout.,0
wesh la il parle du fait qu’il est féministe et il parle des droits de la femme c’est super mais pourquoi t’as com…,0
la propagande gauchiste americaine n'a aucune limite comme en france.n,0
y’a vieux un mec à la gare qui m’a insulter de « sale arabe » sauf que je ne suis pas arabe du tout,0
quelle manoeuvre ! bon j'imaginais ça avec un peu plus de violence lol ça va c'est soft,0
ah le gauchiste... l'amour du débat l'honnêteté intellectuelle! :),0
tombez les œillères! la violence touche aussi les père…,0
non mais le gauchiste est très long dans la compromette...,0
je l'ai dis et repete force je deviens mechant ouais. ahahahahahahahahaha priver de lib...,0
merci,0
ptn cette violence de la question mdr,0
oui j'suis gentille moi je m'attarde pas sur le physique,0
personne qu'elle qu'il soit ne doit imposer son regime alimentair...,0
jpense il s’y est pas attardé bc ça aurait pas intéressé grand monde (jcoco très peu de gens qui se pose…,0
ptdrrr merci gauchiste pref,0
l éducation gauchiste de l enfant roi ...,0
merci de fr passer les arabes pr des haineux,0
le baath c’etait un parti pour tous les arabes avec une variante dans chaque pays (baath irakien sous saddam etc),0
moi hamdoullah je vis dans un pays africain donc mon prenom va pas deranger mais les gens qui ont du mal a…,0
ben toi aussi te dira de te reconvertir quand pour raison x ou un groupe de d...,0
l'islam n'est pas le terrorisme....mes tous les terroristes pratiques l'islam.... attentats islam....,1
yen ils ont du mal capter hein c'est fou,0
wesh le cameraman il cssse les couilles filmé le gros porc de rebeus hagrid qui remplace simeone,1
vous avez si mal ? si il préfère les renois c'est ses goûts pourquoi direct mal parler ?,0
non non. complotiste anti-etat-qui-raquette-les-automobilistes-qui-bossent-eux,0
remplacez « éducation nationale » par « islam » « pedophilie » par « terrorisme » et « professeur » p…,1
peut-être que certaines personne ne supportes plus que l'on s'attarde sur se genre de…,0
techniquement est au sommet de notre chaine alimentaire puisqu...,0
peut aussi dire qu'on est totalement menacé de submersion invasion is…,0
il faut arrêter le discours stupide et humanotaro-gauchiste qui consiste à importer la gue…,1
s’est acharné sur les automobilistes (et donc sur les constructeurs) avec une rare violence. et e…,0
j’ai absolument pas lu ce que t’a dis et jvais perdre du temps pour un d…,0
je m'attarde cependant quelque peu : et si vous laissiez les gens se faire leur pro…,0
le drapeau israélien indique donc votre attachement au foyer juif et par là…,0
non les parents n'étaient pas rebeus...,0
y’a des rebeus hein ?,0
: [  le rapeur en cause qui le fils d'un migrant exactement les même droits il même bén…,0
je trouve ça dommage après selon moi les renois pas arrêter de le dire c’est l…,0
violence domestique et femmes spirituelles: la violence domestique n’est généralement pas…,0
et musulmans c est vaste terrorisme voile religion fiché assise sur l islam langue…,1
quand aura plus d’agneaux pour l’aid comment tu vas faire sale arabe barbu terroriste qui crie tt a…,1
les végans sont-ils contre l'avortement ?,0
exterminer pour ne pas les faire souffrir. ca rappelle la deuxieme guerre mondiale ca,0
whallah wallah tiens des rebeus de citée wesh sur le coran ...,0
Ça n'empêche pas de répondre proportionnellement aux violence qui nous sont faites.,0
mdr personnellement je ne m’attarde pas next directe.,0
toutes les femmes catholiques sont contre l'avortement.,0
voilà pourquoi le problème des noirs et des arabes en france il finira jamais est trop diviser wesh des que y’a…,0
la logique des religieux : contre le droit à l’avortement mais contre la pma : « on veut que les enfan…,0
y'a que les capitaines arabes qui ont voté pour salah,0
salutations est-ce qu'un vegan est contre l'avortement ? logiquement oui vu qu'on tue un être vivant non ?,0
je suis une gauchiste libertaire et catholique pas tres orthodox...,0
j’avais vu ça dans une de tes vidéos déjà mais j’m’y était pas attardé c’est futbin de pes en fait mais en mieux :p,0
mêler islam et violence de manière systémique voilà le but... qu ils utilisent le terme terrorisme... c…,0
je vous le demande faites en sortes de bloquer l'argent volé aux africains qui est caché dans vos b…,0
un  « qui  » : il n'a que la réflexion viscérale.,0
mais c est l hiver putain!fait froid!,0
ptydttyddtrrtdd un ouf toi tu mprends pour un sale arabe,1
j...ai bien une petite idee mais va traiter de gauchiste...,0
une cargaison de migrants de l aquarius ou autre payee' 14 000 euros minimum et vous macron soros v…,0
tu tiens ta cause perdue d'avance,0
il n'y rien comprendre un gauchiste est un gauchiste. il peut raconter tout e...,0
vous croyez que macron aime les arabes? mdr,0
les gens se sentent tous visés ! c’est une secte alors ? comme les blacks les arabes les instits...,0
donc en fait pour proteger les especes animales vous les condamnez l'extinction...,0
y'a plus de renois sur le terrain que dans tous les pays d'afrique subsaharienne réunis,0
ne pas voter c'est donner une voix au lr macron au gauchiste etc,0
je suis gauchiste et je reconnais pas du tout dans son nous les gauchistesnalle...,0
mais de quelle transition tu parle ? que tout le monde devienne vegan ? pourquoi v...,0
je precise tout de suite que je ne suis pas un islamo-gauchiste et que je ne nie pas l'antisemitisme...,0
les juifs americains sont pour trump ils sont consternés que les médias taisent la haine contre l…,0
remarque la photo elle peut donner un putain de scénario de film : 4 renois et leur beurette à chicha,0
ils veulent ça des bons petits rebeus de maison,0
quand j'etais gamin mon meilleur pote était juif. je ne l'ai su que lorsqu'un maghrébin l'a…,0
soutenir la fachosphere qui plus est complotiste drôle de conception du libéralisme.,0
nous sommes des arabes au maghreb el arabi même si la propagande occidentale de malheur bas son plein !…,0
un gauchiste ... donc un genie,0
c'est ça le bif avec les renoistu dis la vérité c'est un problème,0
lr est un parti gauchiste. la rencontre entre laurent wauquiez et angela merkel le prouve.,0
le tweet comme l'article ne s'attardent pas beaucoup sur ce que ça pourrait changer d'avoir un européen…,0
tous ceux qui disent que les musulmans et l'islam c'est le terrorisme so…,0
un gauchiste qui préfère essayer de récupérer les dernières voies des socialistes en fe…,0
merci de confirmer mes dires,0
une belle gauchiste 100% pur sang nathalie appéré!,0
du coup pourquoi l'evolution fait qu'on des canines si est destine bouffer...,0
tout comme le terrorisme car l'islam est une religion qui prône la paix. le prophète sallah…,0
une bonne nouvelle pour les réfugiés et pour les droits humains,0
finalement je repasserais...quelle violence ce matin. tu n’as pas eu ton café ?,0
l'islam interdit formellement le terrorisme. ceux qui connaissent l'histoi…,0
tous mes profs utilisent le bon prénom et j'ai même changé de prénom au secrétariat de la fac,0
la bonne blague. l'esclavage arabo-musulman le terrorisme et l'islamisme c'est déjà pas mal comme dégâts.,1
tg fdp sale chien sale juif gaz encetr,1
aux complots  aux guerres des intÉrÊts economiques &amp; politiques  aux machiavÉlisme.…,0
nonsense!,0
comment vous pouvez oser écrire ces choses la ? donc en gros les arabes en demandent tr…,0
pcq encore une fois vise les renois non ça n’a pas lieu d’être c’est tt peut toi tu te mets dedans au…,0
ils le prennent pour un attardé ou quoi ptdr,0
trop negro nous aussi n'est content de retrouver. merci le parolier,0
ah d’accord donc si t’es pas renoi ou rebeu tu ne peux pas donner…,0
renz gangsta le plus beau de tt les rebeus,0
je n'y avais pas pensé mais il peu à nantes des maghrébins ont affronté des  africains.,0
merci theo aka brainless connu sous le pseudonyme du plus beau de tous les rebeus ..,0
et dites aussi vive le front national pendant que vous etes ! c'est une...,0
faux. les gens non-exposés à la violence prêche la non-violence puisqu'ils…,0
j’ai été sur place chez mon opérateur ils m’ont y’a rien à faire à part porter plainte pr harcèlement ou changer de numéro,0
vérité         …,0
non je ne pense pas. Ça se voit dans beaucoup d'équipes. même lui ne s'est pas attardé sur la cél…,0
enfin je dis ca c'est plutot de notoriété publique que je suis un turbo-gauchiste. mais même là ca re…,0
voilà ce qui se passe aujourd'hui dans nos forêts françaises la violence à l'état pur ! les bou…,0
comme ça tu pourra dire c cause des renois allez bsx,0
seul les vrais hommes passe au dessus du fan service et s'attarde plutôt sur l'oeuvre et le message…,0
zizou ce sale arabe je le déteste c’est pas possible il se prends pour un influencer ou je ne sais quoi espèce de s…,1
fin du game je m’attarde pas avec des gens qui parle sans savoir merci au r…,0
alors que dans les pays occidentaux est tres friand de viande...,0
les féministes extrémistes sont cancer en effet. mais la plupart des féministes de ba…,0
merci,0
mais bordel je suis même pas contre l'avortement je respecte juste le droit de certains à pas vouloir l…,0
: [   quand vous accusez bts d’harcèlement s*xuellec pas grave mais quand ramène l…,0
lors de ces sommets rappeler que les africains et les indonésiens ne doivent plus ex…,0
nouveau nom twitter ! mais dit adieu au beaux rebeus :(,0
non des sale noirs et des sale arabe,1
ce n'est pas une théorie du complot. c'est peut-être récupéré par les fachos mais l'éc…,0
mddrrrrr trop de violence,0
j’ai que ce screen sinon elle taillé les arabes plein de fois y’a rien d’ironique là dedans,0
j'en parlais avec mon fils en 3eme public ..il dit c'est surtout entre noirs et arabes…,0
ouais clairement et surtout que ca sera que scientifique,0
mais meme rebeus oran je chiale meuf,0
vous utilisez un média (twitter) dont la violence est coutumière. quittez le réseau et vous serez tranq…,0
ils te pensent seulement gauchiste et féministes? les pauvres,0
ptn je ne vais même pas lire le thread gauchiste je sens que je vais psychoser à mort,0
et le vp est au ce depuis 1930 ; « ns avons commis la guerre » ; mais ne s’attarde pastrop sur le rôl…,0
je ne suis pas gauchiste. plutot droite... mais ca n'a pas de rapport avec ca. ce que je dis...,0
s'il l'a fait c'est pour ton bien. le gauchiste sait ce qui est bon pour toi.,1
hsksjsh ouais pourquoi pas mais bon les renois ils sont 3ème dans mon classement,0
ils ont fuit l’espagne ils se sont réfugiés en algérie mais quand les français sont arrivés ils so…,0
ne t'attarde pas là dessus!,0
quand il n'est plus possible d'établir des liens de confiance avec les institutions la violence n'est p…,0
quand vous prendrez vos sources ailleurs que sur un site complotiste et antisémite et que vous cessere…,0
je suis actuellement en amerique je suis en high school et depuis le debut de l...an...,0
pourquoi tant de migrants africains en europe alors si est tous des vilains racistes nous autres…,0
